No;Nama Obat;Satuan;08-24 Awal;08-24 Pakai;08-24 Akhir;08-24 Masuk;09-24 Awal;09-24 Pakai;09-24 Akhir;09-24 Masuk;10-24 Awal;10-24 Pakai;10-24 Akhir;10-24 Masuk;11-24 Awal;11-24 Pakai;11-24 Akhir;11-24 Masuk;12-24 Awal;12-24 Pakai;12-24 Akhir;12-24 Masuk;01-25 Awal;01-25 Pakai;01-25 Akhir;01-25 Masuk;02-25 Awal;02-25 Pakai;02-25 Akhir;02-25 Masuk;03-25 Awal;03-25 Pakai;03-25 Akhir;03-25 Masuk;04-25 Awal;04-25 Pakai;04-25 Akhir;04-25 Masuk;05-25 Awal;05-25 Pakai;05-25 Akhir;05-25 Masuk;06-25 Awal;06-25 Pakai;06-25 Akhir;06-25 Masuk;07-25 Awal;07-25 Pakai;07-25 Akhir;07-25 Masuk;08-25 Awal;08-25 Pakai;08-25 Akhir;08-25 Masuk;09-25 Awal;09-25 Pakai;09-25 Akhir;09-25 Masuk
1;Allopurinol;Tablet; -   ; -   ; -   ; -   ; -   ; -   ; -   ; -   ; -   ; -   ; -   ; -   ; -   ; -   ; -   ; -   ; -   ; -   ; -   ; 200 ; 200 ; 100 ; 100 ; 300 ; 400 ; 100 ; 300 ; -   ; 300 ; 50 ; 250 ; -   ; 250 ; 80 ; 170 ; 100 ; 270 ; 95 ; 175 ; -   ; 175 ; 55 ; 120 ; 100 ; 220 ; 75 ; 145 ; -   ; 145 ; 60 ; 85 ; 100 ; 185 ; -   ; 185 ;0
2;Ambeven;Tablet; -   ; -   ; -   ; -   ; -   ; -   ; -   ; -   ; -   ; -   ; -   ; 100 ; 100 ; 20 ; 80 ; -   ; 80 ; 30 ; 50 ; -   ; 50 ; 50 ; -   ; -   ; -   ; -   ; -   ; -   ; -   ; -   ; -   ; -   ; -   ; -   ; -   ; 100 ; 100 ; 10 ; 90 ; -   ; 90 ; 20 ; 70 ; -   ; 70 ; 60 ; 10 ; 100 ; 110 ; 10 ; 100 ; -   ; 100 ; 30 ; 70 ;0
3;Ambroxol;Tablet; 200 ; 30 ; 170 ; -   ; 170 ; 70 ; 100 ; -   ; 100 ; 100 ; -   ; -   ; -   ; -   ; -   ; -   ; -   ; -   ; -   ; -   ; -   ; -   ; -   ; 200 ; 200 ; 150 ; 50 ; 100 ; 150 ; 150 ; -   ; 300 ; 300 ; 100 ; 200 ; -   ; 200 ; 200 ; -   ; 200 ; 200 ; 85 ; 115 ; -   ; 115 ; 115 ; -   ; 200 ; 200 ; 110 ; 90 ; -   ; 90 ; 90 ; -   ;0
4;Amlodipin 10Mg;Tablet; -   ; -   ; -   ; 100 ; 100 ; 100 ; -   ; 200 ; 200 ; 160 ; 40 ; 200 ; 240 ; 110 ; 130 ; 200 ; 330 ; 80 ; 250 ; -   ; 250 ; 210 ; 40 ; 200 ; 240 ; 120 ; 120 ; -   ; 120 ; 110 ; 10 ; 300 ; 310 ; 70 ; 240 ; -   ; 240 ; 240 ; -   ; 150 ; 150 ; 120 ; 30 ; 100 ; 130 ; 120 ; 10 ; 200 ; 210 ; 210 ; -   ; 200 ; 200 ; 160 ; 40 ;0
5;Amlodipin 5Mg;Tablet; -   ; -   ; -   ; 200 ; 200 ; 200 ; -   ; 200 ; 200 ; 200 ; -   ; 200 ; 200 ; 120 ; 80 ; 100 ; 180 ; 150 ; 30 ; 300 ; 330 ; 140 ; 190 ; 100 ; 290 ; 180 ; 110 ; 100 ; 210 ; 140 ; 70 ; 300 ; 370 ; 310 ; 60 ; 300 ; 360 ; 110 ; 250 ; 100 ; 350 ; 350 ; -   ; 200 ; 200 ; 183 ; 17 ; 300 ; 317 ; 197 ; 120 ; 300 ; 420 ; 230 ; 190 ;0
6;Amoxicilin;Tablet; -   ; -   ; -   ; -   ; -   ; -   ; -   ; -   ; -   ; -   ; -   ; 200 ; 200 ; 200 ; -   ; 300 ; 300 ; 40 ; 260 ; 300 ; 560 ; 260 ; 300 ; 500 ; 800 ; 380 ; 420 ; -   ; 420 ; 310 ; 110 ; 400 ; 510 ; 370 ; 140 ; 300 ; 440 ; 270 ; 170 ; 200 ; 370 ; 260 ; 110 ; 300 ; 410 ; 140 ; 270 ; -   ; 270 ; 230 ; 40 ; 300 ; 340 ; 190 ; 150 ;0
7;Antasida Doen Sirup;Botol; -   ; -   ; -   ; -   ; -   ; -   ; -   ; -   ; -   ; -   ; -   ; 20 ; 20 ; 5 ; 15 ; 10 ; 25 ; 8 ; 17 ; -   ; 17 ; 9 ; 8 ; 14 ; 22 ; 16 ; 6 ; 50 ; 56 ; 46 ; 10 ; -   ; 10 ; 10 ; -   ; 15 ; 15 ; 10 ; 5 ; 10 ; 15 ; 15 ; -   ; 15 ; 15 ; 15 ; -   ; 25 ; 25 ; 14 ; 11 ; -   ; 11 ; 11 ; -   ;0
8;Antasida Doen Tablet;Tablet; -   ; -   ; -   ; 200 ; 200 ; 190 ; 10 ; 400 ; 410 ; 410 ; -   ; 300 ; 300 ; 300 ; -   ; 300 ; 300 ; 240 ; 60 ; 400 ; 460 ; 370 ; 90 ; 500 ; 590 ; 550 ; 40 ; 700 ; 740 ; 280 ; 460 ; -   ; 460 ; 340 ; 120 ; 300 ; 420 ; 380 ; 40 ; 300 ; 340 ; 320 ; 20 ; 400 ; 420 ; 372 ; 48 ; 300 ; 348 ; 348 ; -   ; 400 ; 400 ; 370 ; 30 ;0
9;Asam Mefenamat;Tablet; -   ; -   ; -   ; -   ; -   ; -   ; -   ; -   ; -   ; -   ; -   ; 500 ; 500 ; 395 ; 105 ; 300 ; 405 ; 385 ; 20 ; 500 ; 520 ; 350 ; 170 ; 500 ; 670 ; 440 ; 230 ; 300 ; 530 ; 310 ; 220 ; 300 ; 520 ; 350 ; 170 ; 300 ; 470 ; 395 ; 75 ; 400 ; 475 ; 455 ; 20 ; 400 ; 420 ; 192 ; 228 ; 200 ; 428 ; 428 ; -   ; 400 ; 400 ; 400 ; -   ;0
10;Attapulgite;Tablet; -   ; -   ; -   ; -   ; -   ; -   ; -   ; -   ; -   ; -   ; -   ; -   ; -   ; -   ; -   ; -   ; -   ; -   ; -   ; -   ; -   ; -   ; -   ; -   ; -   ; -   ; -   ; 100 ; 100 ; 160 ; (60); -   ; (60); 135 ; (195); 200 ; 5 ; 125 ; (120); -   ; (120); 20 ; (140); -   ; (140); 110 ; (250); -   ; (250); -   ; (250); -   ; (250); -   ; (250);0
11;Cefadroxil;Tablet; -   ; -   ; -   ; -   ; -   ; -   ; -   ; -   ; -   ; -   ; -   ; 100 ; 100 ; 50 ; 50 ; -   ; 50 ; 50 ; -   ; 100 ; 100 ; 100 ; -   ; -   ; -   ; -   ; -   ; -   ; -   ; -   ; -   ; 200 ; 200 ; -   ; 200 ; -   ; 200 ; 30 ; 170 ; -   ; 170 ; 50 ; 120 ; -   ; 120 ; 40 ; 80 ; -   ; 80 ; 20 ; 60 ; -   ; 60 ; 20 ; 40 ;0
12;Cefixme;Tablet; -   ; -   ; -   ; -   ; -   ; -   ; -   ; -   ; -   ; -   ; -   ; -   ; -   ; -   ; -   ; -   ; -   ; -   ; -   ; -   ; -   ; -   ; -   ; -   ; -   ; -   ; -   ; -   ; -   ; -   ; -   ; 100 ; 100 ; 20 ; 80 ; -   ; 80 ; 40 ; 40 ; -   ; 40 ; 40 ; -   ; 100 ; 100 ; -   ; 100 ; -   ; 100 ; 12 ; 88 ; -   ; 88 ; 78 ; 10 ;0
13;Cetirizine;Tablet; -   ; -   ; -   ; 200 ; 200 ; 200 ; -   ; -   ; -   ; -   ; -   ; 200 ; 200 ; 200 ; -   ; 200 ; 200 ; 200 ; -   ; 200 ; 200 ; 200 ; -   ; 500 ; 500 ; 420 ; 80 ; -   ; 80 ; 80 ; -   ; 200 ; 200 ; 200 ; -   ; 300 ; 300 ; 290 ; 10 ; 100 ; 110 ; 110 ; -   ; 200 ; 200 ; 160 ; 40 ; 300 ; 340 ; 280 ; 60 ; 200 ; 260 ; 260 ; -   ;0
14;Cipropluxacin;Tablet; -   ; -   ; -   ; -   ; -   ; -   ; -   ; -   ; -   ; -   ; -   ; -   ; -   ; -   ; -   ; -   ; -   ; -   ; -   ; -   ; -   ; -   ; -   ; 200 ; 200 ; 20 ; 180 ; -   ; 180 ; 70 ; 110 ; -   ; 110 ; 70 ; 40 ; 100 ; 140 ; 15 ; 125 ; -   ; 125 ; 55 ; 70 ; -   ; 70 ; 50 ; 20 ; -   ; 20 ; 20 ; -   ; 100 ; 100 ; 40 ; 60 ;0
15;CTM;Tablet; -   ; -   ; -   ; -   ; -   ; -   ; -   ; -   ; -   ; -   ; -   ; -   ; -   ; -   ; -   ; -   ; -   ; -   ; -   ; -   ; -   ; -   ; -   ; 300 ; 300 ; 155 ; 145 ; -   ; 145 ; 100 ; 45 ; 300 ; 345 ; 85 ; 260 ; 100 ; 360 ; 50 ; 310 ; -   ; 310 ; 120 ; 190 ; -   ; 190 ; 150 ; 40 ; 100 ; 140 ; 80 ; 60 ; -   ; 60 ; 22 ; 38 ;0
16;Dexamethasone;Tablet; -   ; -   ; -   ; -   ; -   ; -   ; -   ; 200 ; 200 ; 200 ; -   ; 200 ; 200 ; 200 ; -   ; 200 ; 200 ; 200 ; -   ; 200 ; 200 ; 200 ; -   ; 500 ; 500 ; 450 ; 50 ; 200 ; 250 ; 70 ; 180 ; 200 ; 380 ; 165 ; 215 ; -   ; 215 ; 210 ; 5 ; 200 ; 205 ; 115 ; 90 ; 300 ; 390 ; 230 ; 160 ; 100 ; 260 ; 230 ; 30 ; 100 ; 130 ; 120 ; 10 ;0
17;Diatabs;Tablet; -   ; -   ; -   ; -   ; -   ; -   ; -   ; 200 ; 200 ; 180 ; 20 ; 200 ; 220 ; 132 ; 88 ; -   ; 88 ; 88 ; -   ; 200 ; 200 ; 200 ; -   ; 400 ; 400 ; 150 ; 250 ; -   ; 250 ; -   ; 250 ; 100 ; 350 ; -   ; 350 ; -   ; 350 ; 64 ; 286 ; 100 ; 386 ; 84 ; 302 ; 200 ; 502 ; 112 ; 390 ; 200 ; 590 ; 172 ; 418 ; -   ; 418 ; 88 ; 330 ;0
18;Flucadex;Tablet; -   ; -   ; -   ; 200 ; 200 ; 200 ; -   ; 100 ; 100 ; 100 ; -   ; 200 ; 200 ; 200 ; -   ; 100 ; 100 ; 100 ; -   ; 1.000 ; 1.000 ; 1.000 ; -   ; 1.200 ; 1.200 ; 1.130 ; 70 ; 600 ; 670 ; 530 ; 140 ; 500 ; 640 ; 635 ; 5 ; 700 ; 705 ; 702 ; 3 ; 500 ; 503 ; 503 ; -   ; 700 ; 700 ; 620 ; 80 ; 400 ; 480 ; 430 ; 50 ; 600 ; 650 ; 650 ; -   ;0
19;Genoint S.M;Tube; -   ; -   ; -   ; -   ; -   ; -   ; -   ; -   ; -   ; -   ; -   ; -   ; -   ; -   ; -   ; -   ; -   ; -   ; -   ; -   ; -   ; -   ; -   ; -   ; -   ; -   ; -   ; -   ; -   ; -   ; -   ; -   ; -   ; -   ; -   ; -   ; -   ; -   ; -   ; -   ; -   ; -   ; -   ; 12 ; 12 ; 2 ; 10 ; -   ; 10 ; 4 ; 6 ; -   ; 6 ; 4 ; 2 ;0
20;Genoint S.K ;Tube; -   ; -   ; -   ; -   ; -   ; -   ; -   ; 24 ; 24 ; 5 ; 19 ; -   ; 19 ; 8 ; 11 ; 11 ; 22 ; 6 ; 16 ; -   ; 16 ; 11 ; 5 ; -   ; 5 ; -   ; 5 ; -   ; 5 ; -   ; 5 ; -   ; 5 ; -   ; 5 ; -   ; 5 ; -   ; 5 ; -   ; 5 ; -   ; 5 ; -   ; 5 ; -   ; 5 ; -   ; 5 ; -   ; 5 ; -   ; 5 ; 3 ; 2 ;0
21;Genoint T.M;Botol; 18 ; 5 ; 13 ; -   ; 13 ; 5 ; 8 ; -   ; 8 ; 6 ; 2 ; 24 ; 26 ; 18 ; 8 ; 4 ; 12 ; 10 ; 2 ; 12 ; 14 ; 6 ; 8 ; 24 ; 32 ; 18 ; 14 ; -   ; 14 ; 11 ; 3 ; 24 ; 27 ; 7 ; 20 ; -   ; 20 ; 17 ; 3 ; 5 ; 8 ; 5 ; 3 ; 24 ; 27 ; 13 ; 14 ; -   ; 14 ; 11 ; 3 ; 12 ; 15 ; 12 ; 3 ;0
22;Grantusif;Tablet; -   ; -   ; -   ; -   ; -   ; -   ; -   ; -   ; -   ; -   ; -   ; -   ; -   ; -   ; -   ; -   ; -   ; -   ; -   ; -   ; -   ; -   ; -   ; -   ; -   ; -   ; -   ; -   ; -   ; -   ; -   ; -   ; -   ; -   ; -   ; -   ; -   ; -   ; -   ; -   ; -   ; -   ; -   ; 300 ; 300 ; 195 ; 105 ; -   ; 105 ; 105 ; -   ; -   ; -   ; -   ; -   ;0
23;Hansaplast;Pcs; -   ; -   ; -   ; 152 ; 152 ; 94 ; 58 ; 200 ; 258 ; 68 ; 190 ; -   ; 190 ; 87 ; 103 ; 100 ; 203 ; 93 ; 110 ; 200 ; 310 ; 172 ; 138 ; -   ; 138 ; 138 ; -   ; 200 ; 200 ; 100 ; 100 ; 100 ; 200 ; 98 ; 102 ; -   ; 102 ; 102 ; -   ; 200 ; 200 ; 121 ; 79 ; 200 ; 279 ; 71 ; 208 ; -   ; 208 ; 114 ; 94 ; 100 ; 194 ; 35 ; 159 ;0
24;Hydrocortisone;Tube; 24 ; 3 ; 21 ; -   ; 21 ; 2 ; 19 ; -   ; 19 ; 7 ; 12 ; -   ; 12 ; 5 ; 7 ; 12 ; 19 ; 7 ; 12 ; -   ; 12 ; 7 ; 5 ; 24 ; 29 ; 6 ; 23 ; -   ; 23 ; 2 ; 21 ; -   ; 21 ; 6 ; 15 ; -   ; 15 ; 6 ; 9 ; -   ; 9 ; 6 ; 3 ; 24 ; 27 ; 7 ; 20 ; -   ; 20 ; 4 ; 16 ; -   ; 16 ; 2 ; 14 ;0
25;Insto Regular;Botol; 24 ; 23 ; 1 ; 24 ; 25 ; 14 ; 11 ; 12 ; 23 ; 23 ; -   ; 19 ; 19 ; 17 ; 2 ; 24 ; 26 ; 16 ; 10 ; 24 ; 34 ; 27 ; 7 ; 12 ; 19 ; 11 ; 8 ; 12 ; 20 ; 16 ; 4 ; 24 ; 28 ; 23 ; 5 ; 12 ; 17 ; 17 ; -   ; 24 ; 24 ; 24 ; -   ; 24 ; 24 ; 24 ; -   ; 24 ; 24 ; 12 ; 12 ; 12 ; 24 ; 23 ; 1 ;0
26;Kassa Steril;Pcs; -   ; -   ; -   ; 40 ; 40 ; -   ; 40 ; -   ; 40 ; 40 ; -   ; 320 ; 320 ; 40 ; 280 ; -   ; 280 ; 56 ; 224 ; -   ; 224 ; 76 ; 148 ; -   ; 148 ; 68 ; 80 ; -   ; 80 ; 80 ; -   ; 160 ; 160 ; 48 ; 112 ; 160 ; 272 ; 112 ; 160 ; -   ; 160 ; -   ; 160 ; -   ; 160 ; -   ; 160 ; -   ; 160 ; 32 ; 128 ; -   ; 128 ; 32 ; 96 ;0
27;Lansoprazol ;Tablet; 260 ; 166 ; 94 ; 60 ; 154 ; 99 ; 55 ; -   ; 55 ; 55 ; -   ; -   ; -   ; -   ; -   ; -   ; -   ; -   ; -   ; -   ; -   ; -   ; -   ; -   ; -   ; -   ; -   ; -   ; -   ; -   ; -   ; -   ; -   ; -   ; -   ; -   ; -   ; -   ; -   ; -   ; -   ; -   ; -   ; -   ; -   ; -   ; -   ; -   ; -   ; -   ; -   ; -   ; -   ; -   ; -   ;0
28;Metformin ;Tablet; -   ; -   ; -   ; -   ; -   ; -   ; -   ; -   ; -   ; -   ; -   ; -   ; -   ; -   ; -   ; -   ; -   ; -   ; -   ; -   ; -   ; -   ; -   ; -   ; -   ; -   ; -   ; 200 ; 200 ; 110 ; 90 ; 300 ; 390 ; 160 ; 230 ; -   ; 230 ; 160 ; 70 ; 100 ; 170 ; 90 ; 80 ; 100 ; 180 ; 100 ; 80 ; 200 ; 280 ; 180 ; 100 ; 100 ; 200 ; 60 ; 140 ;0
29;Methylprednisolone;Tablet; 200 ; 185 ; 15 ; 300 ; 315 ; 315 ; -   ; 200 ; 200 ; 200 ; -   ; 300 ; 300 ; 300 ; -   ; 200 ; 200 ; 200 ; -   ; 800 ; 800 ; 720 ; 80 ; 300 ; 380 ; 380 ; -   ; 400 ; 400 ; 215 ; 185 ; 300 ; 485 ; 335 ; 150 ; 100 ; 250 ; 250 ; -   ; 300 ; 300 ; 240 ; 60 ; 300 ; 360 ; 360 ; -   ; 300 ; 300 ; 300 ; -   ; 300 ; 300 ; 300 ; -   ;0
30;Miconazole Cream;Tube; 24 ; 11 ; 13 ; 24 ; 37 ; 6 ; 31 ; -   ; 31 ; 7 ; 24 ; -   ; 24 ; 10 ; 14 ; 12 ; 26 ; 11 ; 15 ; -   ; 15 ; 11 ; 4 ; 24 ; 28 ; 8 ; 20 ; -   ; 20 ; 2 ; 18 ; -   ; 18 ; 7 ; 11 ; -   ; 11 ; 11 ; -   ; 24 ; 24 ; 4 ; 20 ; -   ; 20 ; 7 ; 13 ; -   ; 13 ; 7 ; 6 ; 24 ; 30 ; 3 ; 27 ;0
31;Microgynon;Tablet; 50 ; 47 ; 3 ; 80 ; 83 ; 58 ; 25 ; 70 ; 95 ; 90 ; 5 ; 80 ; 85 ; 75 ; 10 ; 80 ; 90 ; 82 ; 8 ; 80 ; 88 ; 68 ; 20 ; 80 ; 100 ; 81 ; 19 ; 80 ; 99 ; 77 ; 22 ; 80 ; 102 ; 73 ; 29 ; 70 ; 99 ; 89 ; 10 ; 70 ; 80 ; 66 ; 14 ; 70 ; 84 ; 75 ; 9 ; 70 ; 79 ; 79 ; -   ; 80 ; 80 ; 80 ; -   ;0
32;Natrium Diklofenak;Tablet; -   ; -   ; -   ; 200 ; 200 ; 152 ; 48 ; -   ; 48 ; 48 ; -   ; 300 ; 300 ; 280 ; 20 ; 300 ; 320 ; 280 ; 40 ; 500 ; 540 ; 360 ; 180 ; 400 ; 580 ; 490 ; 90 ; 200 ; 290 ; 250 ; 40 ; 500 ; 540 ; 440 ; 100 ; 200 ; 300 ; 300 ; -   ; 300 ; 300 ; 300 ; -   ; 400 ; 400 ; 270 ; 130 ; 200 ; 330 ; 330 ; -   ; 300 ; 300 ; 300 ; -   ;0
33;Neurodex;Tablet; -   ; -   ; -   ; 200 ; 200 ; 200 ; -   ; 400 ; 400 ; 400 ; -   ; 200 ; 200 ; 200 ; -   ; -   ; -   ; -   ; -   ; 300 ; 300 ; 290 ; 10 ; 500 ; 510 ; 475 ; 35 ; 200 ; 235 ; 150 ; 85 ; 400 ; 485 ; 355 ; 130 ; 200 ; 330 ; 320 ; 10 ; 200 ; 210 ; 210 ; -   ; 300 ; 300 ; 295 ; 5 ; 300 ; 305 ; 305 ; -   ; 200 ; 200 ; 200 ; -   ;0
34;Octenilin;Tube; -   ; -   ; -   ; -   ; -   ; -   ; -   ; -   ; -   ; -   ; -   ; -   ; -   ; -   ; -   ; 12 ; 12 ; 2 ; 10 ; 12 ; 22 ; 8 ; 14 ; -   ; 14 ; 8 ; 6 ; -   ; 6 ; 5 ; 1 ; 6 ; 7 ; 7 ; -   ; 12 ; 12 ; 5 ; 7 ; 12 ; 19 ; 6 ; 13 ; -   ; 13 ; 7 ; 6 ; -   ; 6 ; 6 ; -   ; 12 ; 12 ; 10 ; 2 ;0
35;Panadol Biru;Tablet; -   ; -   ; -   ; -   ; -   ; -   ; -   ; 100 ; 100 ; 100 ; -   ; 100 ; 100 ; 100 ; -   ; 100 ; 100 ; 45 ; 55 ; 100 ; 155 ; 105 ; 50 ; 100 ; 150 ; 95 ; 55 ; -   ; 55 ; 25 ; 30 ; 100 ; 130 ; 61 ; 69 ; 100 ; 169 ; 80 ; 89 ; 100 ; 189 ; 109 ; 80 ; -   ; 80 ; 75 ; 5 ; 100 ; 105 ; -   ; 105 ; 100 ; 205 ; 205 ; -   ;0
36;Panadol Extra;Tablet; -   ; -   ; -   ; 200 ; 200 ; 200 ; -   ; 200 ; 200 ; 200 ; -   ; 200 ; 200 ; 200 ; -   ; 200 ; 200 ; 200 ; -   ; 200 ; 200 ; 110 ; 90 ; 200 ; 290 ; 290 ; -   ; 200 ; 200 ; 155 ; 45 ; 200 ; 245 ; 200 ; 45 ; 200 ; 245 ; 215 ; 30 ; 200 ; 230 ; 230 ; -   ; 200 ; 200 ; 190 ; 10 ; 200 ; 210 ; 185 ; 25 ; 200 ; 225 ; 210 ; 15 ;0
37;Paracetamol;Tablet; -   ; -   ; -   ; -   ; -   ; -   ; -   ; -   ; -   ; -   ; -   ; -   ; -   ; -   ; -   ; -   ; -   ; -   ; -   ; -   ; -   ; -   ; -   ; -   ; -   ; -   ; -   ; -   ; -   ; -   ; -   ; -   ; -   ; -   ; -   ; -   ; -   ; -   ; -   ; -   ; -   ; -   ; -   ; -   ; -   ; -   ; -   ; -   ; -   ; -   ; -   ; 300 ; 300 ; 300 ; -   ;0
38;Paracetamol Syrup;Botol; -   ; -   ; -   ; -   ; -   ; -   ; -   ; -   ; -   ; -   ; -   ; -   ; -   ; -   ; -   ; -   ; -   ; -   ; -   ; -   ; -   ; -   ; -   ; -   ; -   ; -   ; -   ; -   ; -   ; -   ; -   ; -   ; -   ; -   ; -   ; -   ; -   ; -   ; -   ; -   ; -   ; -   ; -   ; -   ; -   ; -   ; -   ; -   ; -   ; -   ; -   ; 12 ; 12 ; 10 ; 2 ;0
39;Piroxicam;Tablet; -   ; -   ; -   ; -   ; -   ; -   ; -   ; -   ; -   ; -   ; -   ; -   ; -   ; -   ; -   ; -   ; -   ; -   ; -   ; -   ; -   ; -   ; -   ; -   ; -   ; -   ; -   ; -   ; -   ; -   ; -   ; -   ; -   ; -   ; -   ; 100 ; 100 ; 95 ; 5 ; 100 ; 105 ; 95 ; 10 ; 100 ; 110 ; 105 ; 5 ; 100 ; 105 ; 105 ; -   ; 100 ; 100 ; 100 ; -   ;0
40;Ranitidin;Tablet; -   ; -   ; -   ; -   ; -   ; -   ; -   ; -   ; -   ; -   ; -   ; 200 ; 200 ; 20 ; 180 ; 200 ; 380 ; 180 ; 200 ; -   ; 200 ; 140 ; 60 ; -   ; 60 ; 60 ; -   ; 300 ; 300 ; 55 ; 245 ; -   ; 245 ; 175 ; 70 ; 100 ; 170 ; 110 ; 60 ; 100 ; 160 ; 55 ; 105 ; 100 ; 205 ; 115 ; 90 ; 200 ; 290 ; 165 ; 125 ; 100 ; 225 ; 90 ; 135 ;0
41;Salbutamol 2Mg;Tablet; -   ; -   ; -   ; -   ; -   ; -   ; -   ; -   ; -   ; -   ; -   ; 100 ; 100 ; -   ; 100 ; -   ; 100 ; 50 ; 50 ; -   ; 50 ; 100 ; (50); 200 ; 150 ; 125 ; 25 ; -   ; 25 ; 50 ; (25); -   ; (25); 25 ; (50); -   ; (50); -   ; (50); -   ; (50); -   ; (50); -   ; (50); -   ; (50); -   ; (50); -   ; (50); -   ; (50); -   ; (50);0
42;Salbutamol 4Mg;Tablet; -   ; -   ; -   ; -   ; -   ; -   ; -   ; -   ; -   ; -   ; -   ; -   ; -   ; -   ; -   ; -   ; -   ; -   ; -   ; -   ; -   ; -   ; -   ; 100 ; 100 ; -   ; 100 ; -   ; 100 ; -   ; 100 ; -   ; 100 ; 55 ; 45 ; 200 ; 245 ; 60 ; 185 ; -   ; 185 ; 40 ; 145 ; -   ; 145 ; 40 ; 105 ; -   ; 105 ; 55 ; 50 ; 100 ; 150 ; 70 ; 80 ;0
43;Salep Mata Genoint;Tube; -   ; -   ; -   ; -   ; -   ; -   ; -   ; -   ; -   ; -   ; -   ; -   ; -   ; -   ; -   ; -   ; -   ; -   ; -   ; -   ; -   ; -   ; -   ; -   ; -   ; -   ; -   ; -   ; -   ; -   ; -   ; -   ; -   ; -   ; -   ; -   ; -   ; -   ; -   ; -   ; -   ; -   ; -   ; -   ; -   ; -   ; -   ; -   ; -   ; -   ; -   ; -   ; -   ; -   ; -   ;0
44;Scopma Plus;Tablet; -   ; -   ; -   ; -   ; -   ; -   ; -   ; 100 ; 100 ; 100 ; -   ; 200 ; 200 ; 90 ; 110 ; 100 ; 210 ; 100 ; 110 ; -   ; 110 ; 70 ; 40 ; 300 ; 340 ; 130 ; 210 ; -   ; 210 ; 160 ; 50 ; 200 ; 250 ; 120 ; 130 ; 100 ; 230 ; 140 ; 90 ; 100 ; 190 ; 55 ; 135 ; 100 ; 235 ; 195 ; 40 ; 100 ; 140 ; 130 ; 10 ; 100 ; 110 ; 70 ; 40 ;0
45;Simvastatin 10;Tablet; 300 ; 122 ; 178 ; -   ; 178 ; 78 ; 100 ; 100 ; 200 ; 80 ; 120 ; -   ; 120 ; 40 ; 80 ; -   ; 80 ; 70 ; 10 ; 100 ; 110 ; 100 ; 10 ; 300 ; 310 ; 170 ; 140 ; 300 ; 440 ; 80 ; 360 ; -   ; 360 ; 148 ; 212 ; -   ; 212 ; 102 ; 110 ; 200 ; 310 ; 115 ; 195 ; -   ; 195 ; 140 ; 55 ; 300 ; 355 ; 111 ; 244 ; -   ; 244 ; 134 ; 110 ;0
46;Simvastatin 20;Tablet; -   ; -   ; -   ; -   ; -   ; -   ; -   ; 100 ; 100 ; 10 ; 90 ; -   ; 90 ; 20 ; 70 ; -   ; 70 ; 10 ; 60 ; -   ; 60 ; 60 ; -   ; -   ; -   ; -   ; -   ; -   ; -   ; -   ; -   ; -   ; -   ; -   ; -   ; -   ; -   ; -   ; -   ; -   ; -   ; -   ; -   ; -   ; -   ; -   ; -   ; -   ; -   ; -   ; -   ; -   ; -   ; -   ; -   ;0
47;Softex;Pcs; -   ; -   ; -   ; 30 ; 30 ; 10 ; 20 ; -   ; 20 ; 20 ; -   ; 40 ; 40 ; 31 ; 9 ; 30 ; 39 ; 22 ; 17 ; 24 ; 41 ; 41 ; -   ; 24 ; 24 ; 24 ; -   ; 44 ; 44 ; 27 ; 17 ; 44 ; 61 ; 34 ; 27 ; -   ; 27 ; 27 ; -   ; 66 ; 66 ; 43 ; 23 ; 44 ; 67 ; 39 ; 28 ; 44 ; 72 ; 40 ; 32 ; 44 ; 76 ; 42 ; 34 ;0
48;Spuit 3 Cc;Pcs; -   ; -   ; -   ; -   ; -   ; -   ; -   ; -   ; -   ; -   ; -   ; -   ; -   ; -   ; -   ; -   ; -   ; -   ; -   ; 25 ; 25 ; 4 ; 21 ; -   ; 21 ; 17 ; 4 ; 20 ; 24 ; 13 ; 11 ; 15 ; 26 ; 14 ; 12 ; 10 ; 22 ; 8 ; 14 ; -   ; 14 ; 8 ; 6 ; 20 ; 26 ; 5 ; 21 ; -   ; 21 ; 8 ; 13 ; -   ; 13 ; 10 ; 3 ;0
49;Stic Glukosa;Pcs; -   ; -   ; -   ; 25 ; 25 ; -   ; 25 ; -   ; 25 ; 7 ; 18 ; 25 ; 43 ; 8 ; 35 ; -   ; 35 ; 9 ; 26 ; 25 ; 51 ; 26 ; 25 ; -   ; 25 ; 7 ; 18 ; 25 ; 43 ; 11 ; 32 ; -   ; 32 ; 10 ; 22 ; -   ; 22 ; 6 ; 16 ; -   ; 16 ; 4 ; 12 ; -   ; 12 ; 8 ; 4 ; 25 ; 29 ; 7 ; 22 ; -   ; 22 ; 10 ; 12 ;0
50;Stik Asam Urat;Pcs; -   ; -   ; -   ; 25 ; 25 ; -   ; 25 ; -   ; 25 ; -   ; 25 ; -   ; 25 ; 2 ; 23 ; -   ; 23 ; 4 ; 19 ; -   ; 19 ; 12 ; 7 ; 25 ; 32 ; 7 ; 25 ; -   ; 25 ; 8 ; 17 ; -   ; 17 ; 8 ; 9 ; 25 ; 34 ; 8 ; 26 ; -   ; 26 ; 3 ; 23 ; -   ; 23 ; 4 ; 19 ; 25 ; 44 ; 4 ; 40 ; -   ; 40 ; 8 ; 32 ;0
51;Stik Kolesterol;Pcs; -   ; -   ; -   ; 10 ; 10 ; 2 ; 8 ; 10 ; 18 ; 17 ; 1 ; 25 ; 26 ; 13 ; 13 ; -   ; 13 ; 10 ; 3 ; 10 ; 13 ; 13 ; -   ; 10 ; 10 ; 10 ; -   ; 10 ; 10 ; 8 ; 2 ; 10 ; 12 ; 8 ; 4 ; 10 ; 14 ; 10 ; 4 ; 10 ; 14 ; 6 ; 8 ; -   ; 8 ; 6 ; 2 ; 10 ; 12 ; 2 ; 10 ; -   ; 10 ; 5 ; 5 ;0
52;Ternix Hijau;Botol; -   ; -   ; -   ; -   ; -   ; -   ; -   ; -   ; -   ; -   ; -   ; -   ; -   ; -   ; -   ; -   ; -   ; -   ; -   ; -   ; -   ; -   ; -   ; -   ; -   ; -   ; -   ; -   ; -   ; -   ; -   ; -   ; -   ; -   ; -   ; -   ; -   ; -   ; -   ; -   ; -   ; -   ; -   ; -   ; -   ; -   ; -   ; -   ; -   ; -   ; -   ; -   ; -   ; -   ; -   ;0
53;Ternix Plus (Merah);Botol; -   ; -   ; -   ; -   ; -   ; -   ; -   ; -   ; -   ; -   ; -   ; -   ; -   ; -   ; -   ; -   ; -   ; -   ; -   ; 25 ; 25 ; 15 ; 10 ; 5 ; 15 ; 10 ; 5 ; 12 ; 17 ; 17 ; -   ; 15 ; 15 ; 15 ; -   ; 15 ; 15 ; 15 ; -   ; -   ; -   ; -   ; -   ; 15 ; 15 ; 15 ; -   ; -   ; -   ; -   ; -   ; -   ; -   ; -   ; -   ;0
54;Tetes Telinga;Botol; -   ; -   ; -   ; -   ; -   ; -   ; -   ; -   ; -   ; -   ; -   ; -   ; -   ; -   ; -   ; -   ; -   ; -   ; -   ; -   ; -   ; -   ; -   ; 12 ; 12 ; 2 ; 10 ; -   ; 10 ; 2 ; 8 ; -   ; 8 ; 4 ; 4 ; -   ; 4 ; 2 ; 2 ; -   ; 2 ; 1 ; 1 ; 5 ; 6 ; 1 ; 5 ; -   ; 5 ; 4 ; 1 ; 12 ; 13 ; 1 ; 12 ;0
55;Triclofem;Ampul; -   ; -   ; -   ; -   ; -   ; -   ; -   ; -   ; -   ; -   ; -   ; 10 ; 10 ; 1 ; 9 ; -   ; 9 ; 6 ; 3 ; 10 ; 13 ; 2 ; 11 ; -   ; 11 ; 4 ; 7 ; 10 ; 17 ; 7 ; 10 ; -   ; 10 ; 1 ; 9 ; 10 ; 19 ; 4 ; 15 ; -   ; 15 ; 2 ; 13 ; -   ; 13 ; 2 ; 11 ; -   ; 11 ; 5 ; 6 ; -   ; 6 ; 2 ; 4 ;0
56;Vit C;Tablet; 200 ; 100 ; 100 ; -   ; 100 ; 100 ; -   ; 200 ; 200 ; 200 ; -   ; 200 ; 200 ; 180 ; 20 ; 150 ; 170 ; 170 ; -   ; 200 ; 200 ; 200 ; -   ; 500 ; 500 ; 250 ; 250 ; -   ; 250 ; 240 ; 10 ; 200 ; 210 ; 210 ; -   ; 200 ; 200 ; 200 ; -   ; 300 ; 300 ; 250 ; 50 ; 200 ; 250 ; 250 ; -   ; 300 ; 300 ; 275 ; 25 ; 300 ; 325 ; 320 ; 5 ;0
57;Vesprum;Tablet; 100 ; -   ; 100 ; -   ; 100 ; 30 ; 70 ; -   ; 70 ; 40 ; 30 ; -   ; 30 ; 15 ; 15 ; -   ; 15 ; 15 ; -   ; -   ; -   ; -   ; -   ; -   ; -   ; -   ; -   ; -   ; -   ; -   ; -   ; -   ; -   ; -   ; -   ; -   ; -   ; -   ; -   ; -   ; -   ; -   ; -   ; -   ; -   ; -   ; -   ; -   ; -   ; -   ; -   ; -   ; -   ; -   ; -   ;0
58;Brochifar;Tablet; -   ; -   ; -   ; -   ; -   ; -   ; -   ; 100 ; 100 ; 70 ; 30 ; 100 ; 130 ; 130 ; -   ; -   ; -   ; -   ; -   ; -   ; -   ; -   ; -   ; -   ; -   ; -   ; -   ; -   ; -   ; -   ; -   ; -   ; -   ; -   ; -   ; -   ; -   ; -   ; -   ; -   ; -   ; -   ; -   ; -   ; -   ; -   ; -   ; -   ; -   ; -   ; -   ; -   ; -   ; -   ; -   ;0
59;Corizine;Tablet; -   ; -   ; -   ; -   ; -   ; -   ; -   ; 100 ; 100 ; 100 ; -   ; -   ; -   ; -   ; -   ; -   ; -   ; -   ; -   ; -   ; -   ; -   ; -   ; -   ; -   ; -   ; -   ; -   ; -   ; -   ; -   ; -   ; -   ; -   ; -   ; -   ; -   ; -   ; -   ; -   ; -   ; -   ; -   ; -   ; -   ; -   ; -   ; -   ; -   ; -   ; -   ; -   ; -   ; -   ; -   ;0
60;Dobrizol;Tablet; -   ; -   ; -   ; -   ; -   ; -   ; -   ; 60 ; 60 ; 60 ; -   ; 200 ; 200 ; 40 ; 160 ; -   ; 160 ; 80 ; 80 ; -   ; 80 ; 80 ; -   ; 200 ; 200 ; 175 ; 25 ; 300 ; 325 ; 205 ; 120 ; -   ; 120 ; 120 ; -   ; 300 ; 300 ; 225 ; 75 ; 100 ; 175 ; 80 ; 95 ; 200 ; 295 ; 205 ; 90 ; 200 ; 290 ; 215 ; 75 ; 100 ; 175 ; 175 ; -   ;0
61;Flutamol;Tablet; -   ; -   ; -   ; -   ; -   ; -   ; -   ; 100 ; 100 ; 100 ; -   ; 100 ; 100 ; 100 ; -   ; 200 ; 200 ; 200 ; -   ; -   ; -   ; -   ; -   ; -   ; -   ; -   ; -   ; -   ; -   ; -   ; -   ; -   ; -   ; -   ; -   ; -   ; -   ; -   ; -   ; -   ; -   ; -   ; -   ; -   ; -   ; -   ; -   ; -   ; -   ; -   ; -   ; -   ; -   ; -   ; -   ;0
62;Bnachosal;Tablet; -   ; -   ; -   ; -   ; -   ; -   ; -   ; 100 ; 100 ; 45 ; 55 ; -   ; 55 ; 30 ; 25 ; -   ; 25 ; 10 ; 15 ; -   ; 15 ; 15 ; -   ; -   ; -   ; -   ; -   ; -   ; -   ; -   ; -   ; -   ; -   ; -   ; -   ; -   ; -   ; -   ; -   ; -   ; -   ; -   ; -   ; -   ; -   ; -   ; -   ; -   ; -   ; -   ; -   ; -   ; -   ; -   ; -   ;0
63;Zink Tab;Tablet; -   ; -   ; -   ; -   ; -   ; -   ; -   ; 100 ; 100 ; 70 ; 30 ; 100 ; 130 ; 15 ; 115 ; -   ; 115 ; 50 ; 65 ; -   ; 65 ; 5 ; 60 ; -   ; 60 ; 40 ; 20 ; -   ; 20 ; 10 ; 10 ; -   ; 10 ; 5 ; 5 ; -   ; 5 ; -   ; 5 ; -   ; 5 ; -   ; 5 ; -   ; 5 ; -   ; 5 ; 100 ; 105 ; 30 ; 75 ; -   ; 75 ; -   ; 75 ;0
64;Fasidol;Tablet; -   ; -   ; -   ; -   ; -   ; -   ; -   ; 300 ; 300 ; 300 ; -   ; 300 ; 300 ; 300 ; -   ; 400 ; 400 ; 310 ; 90 ; 500 ; 590 ; 580 ; 10 ; 1.000 ; 1.010 ; 820 ; 190 ; 300 ; 490 ; 470 ; 20 ; 500 ; 520 ; 450 ; 70 ; 300 ; 370 ; 370 ; -   ; -   ; -   ; -   ; -   ; -   ; -   ; -   ; -   ; 400 ; 400 ; 400 ; -   ; -   ; -   ; -   ; -   ;0
65;Mirasic;Tablet; -   ; -   ; -   ; -   ; -   ; -   ; -   ; 100 ; 100 ; 100 ; -   ; -   ; -   ; -   ; -   ; -   ; -   ; -   ; -   ; -   ; -   ; -   ; -   ; -   ; -   ; -   ; -   ; -   ; -   ; -   ; -   ; -   ; -   ; -   ; -   ; -   ; -   ; -   ; -   ; 600 ; 600 ; 567 ; 33 ; 400 ; 433 ; 433 ; -   ; -   ; -   ; -   ; -   ; -   ; -   ; -   ; -   ;0
66;Lodecon;Tablet; -   ; -   ; -   ; -   ; -   ; -   ; -   ; 100 ; 100 ; 100 ; -   ; -   ; -   ; -   ; -   ; 200 ; 200 ; 200 ; -   ; -   ; -   ; -   ; -   ; -   ; -   ; -   ; -   ; -   ; -   ; -   ; -   ; -   ; -   ; -   ; -   ; -   ; -   ; -   ; -   ; -   ; -   ; -   ; -   ; -   ; -   ; -   ; -   ; -   ; -   ; -   ; -   ; -   ; -   ; -   ; -   ;0
67;Ampicilin;Tablet; -   ; -   ; -   ; -   ; -   ; -   ; -   ; -   ; -   ; -   ; -   ; 200 ; 200 ; 30 ; 170 ; -   ; 170 ; 170 ; -   ; -   ; -   ; -   ; -   ; -   ; -   ; -   ; -   ; -   ; -   ; -   ; -   ; -   ; -   ; -   ; -   ; -   ; -   ; -   ; -   ; -   ; -   ; -   ; -   ; -   ; -   ; -   ; -   ; -   ; -   ; -   ; -   ; -   ; -   ; -   ; -   ;0
68;Anaton;Tablet; -   ; -   ; -   ; -   ; -   ; -   ; -   ; -   ; -   ; -   ; -   ; 100 ; 100 ; 100 ; -   ; -   ; -   ; -   ; -   ; -   ; -   ; -   ; -   ; -   ; -   ; -   ; -   ; -   ; -   ; -   ; -   ; -   ; -   ; -   ; -   ; -   ; -   ; -   ; -   ; -   ; -   ; -   ; -   ; -   ; -   ; -   ; -   ; -   ; -   ; -   ; -   ; -   ; -   ; -   ; -   ;0
69;Decolgen;Tablet; -   ; -   ; -   ; -   ; -   ; -   ; -   ; -   ; -   ; -   ; -   ; 60 ; 60 ; 44 ; 16 ; 100 ; 116 ; 116 ; -   ; -   ; -   ; -   ; -   ; -   ; -   ; -   ; -   ; -   ; -   ; -   ; -   ; -   ; -   ; -   ; -   ; -   ; -   ; -   ; -   ; -   ; -   ; -   ; -   ; -   ; -   ; -   ; -   ; -   ; -   ; -   ; -   ; -   ; -   ; -   ; -   ;0
70;Loperamide;Tablet; -   ; -   ; -   ; -   ; -   ; -   ; -   ; -   ; -   ; -   ; -   ; 100 ; 100 ; 10 ; 90 ; -   ; 90 ; 60 ; 30 ; 100 ; 130 ; 40 ; 90 ; -   ; 90 ; 90 ; -   ; -   ; -   ; -   ; -   ; -   ; -   ; -   ; -   ; -   ; -   ; -   ; -   ; -   ; -   ; -   ; -   ; -   ; -   ; -   ; -   ; -   ; -   ; -   ; -   ; -   ; -   ; -   ; -   ;0
71;Hufamag;Tablet; -   ; -   ; -   ; -   ; -   ; -   ; -   ; -   ; -   ; -   ; -   ; 200 ; 200 ; 40 ; 160 ; -   ; 160 ; 160 ; -   ; -   ; -   ; -   ; -   ; -   ; -   ; -   ; -   ; -   ; -   ; -   ; -   ; -   ; -   ; -   ; -   ; -   ; -   ; -   ; -   ; -   ; -   ; -   ; -   ; -   ; -   ; -   ; -   ; -   ; -   ; -   ; -   ; -   ; -   ; -   ; -   ;0
72;Predneson;Tablet; -   ; -   ; -   ; -   ; -   ; -   ; -   ; -   ; -   ; -   ; -   ; -   ; -   ; -   ; -   ; 100 ; 100 ; 100 ; -   ; -   ; -   ; -   ; -   ; -   ; -   ; -   ; -   ; -   ; -   ; -   ; -   ; -   ; -   ; -   ; -   ; -   ; -   ; -   ; -   ; -   ; -   ; -   ; -   ; -   ; -   ; -   ; -   ; -   ; -   ; -   ; -   ; -   ; -   ; -   ; -   ;0
73;Coparcetin Syrup;Botol; -   ; -   ; -   ; -   ; -   ; -   ; -   ; -   ; -   ; -   ; -   ; -   ; -   ; -   ; -   ; 6 ; 6 ; 6 ; -   ; 25 ; 25 ; 15 ; 10 ; 15 ; 25 ; 24 ; 1 ; 38 ; 39 ; 3 ; 36 ; -   ; 36 ; 5 ; 31 ; -   ; 31 ; 1 ; 30 ; -   ; 30 ; 12 ; 18 ; -   ; 18 ; 3 ; 15 ; -   ; 15 ; 2 ; 13 ; -   ; 13 ; 10 ; 3 ;0
74;Pehacain;Ampul; -   ; -   ; -   ; -   ; -   ; -   ; -   ; -   ; -   ; -   ; -   ; -   ; -   ; -   ; -   ; -   ; -   ; -   ; -   ; 5 ; 5 ; -   ; 5 ; -   ; 5 ; -   ; 5 ; -   ; 5 ; -   ; 5 ; -   ; 5 ; -   ; 5 ; -   ; 5 ; -   ; 5 ; -   ; 5 ; -   ; 5 ; -   ; 5 ; -   ; 5 ; -   ; 5 ; -   ; 5 ; -   ; 5 ; -   ; 5 ;0
75;Gentamicin;Tube; -   ; -   ; -   ; -   ; -   ; -   ; -   ; -   ; -   ; -   ; -   ; -   ; -   ; -   ; -   ; -   ; -   ; -   ; -   ; -   ; -   ; -   ; -   ; 22 ; 22 ; 9 ; 13 ; -   ; 13 ; 6 ; 7 ; 10 ; 17 ; 7 ; 10 ; -   ; 10 ; 9 ; 1 ; -   ; 1 ; 6 ; (5); 24 ; 19 ; 9 ; 10 ; -   ; 10 ; 12 ; (2); 12 ; 10 ; 6 ; 4 ;0
76;Ventasal Inject;Ampul; -   ; -   ; -   ; -   ; -   ; -   ; -   ; -   ; -   ; -   ; -   ; -   ; -   ; -   ; -   ; -   ; -   ; -   ; -   ; -   ; -   ; -   ; -   ; -   ; -   ; -   ; -   ; 10 ; 10 ; 1 ; 9 ; -   ; 9 ; 3 ; 6 ; -   ; 6 ; 2 ; 4 ; -   ; 4 ; -   ; 4 ; -   ; 4 ; -   ; 4 ; -   ; 4 ; 1 ; 3 ; -   ; 3 ; 2 ; 1 ;0
77;Fasidol Botol;Botol; -   ; -   ; -   ; -   ; -   ; -   ; -   ; -   ; -   ; -   ; -   ; -   ; -   ; -   ; -   ; -   ; -   ; -   ; -   ; -   ; -   ; -   ; -   ; -   ; -   ; -   ; -   ; -   ; -   ; -   ; -   ; -   ; -   ; -   ; -   ; -   ; -   ; -   ; -   ; 10 ; 10 ; 8 ; 2 ; 10 ; 12 ; 8 ; 4 ; -   ; 4 ; 4 ; -   ; -   ; -   ; -   ; -   ;0
78;Flutop;Botol; -   ; -   ; -   ; -   ; -   ; -   ; -   ; -   ; -   ; -   ; -   ; -   ; -   ; -   ; -   ; -   ; -   ; -   ; -   ; -   ; -   ; -   ; -   ; -   ; -   ; -   ; -   ; -   ; -   ; -   ; -   ; -   ; -   ; -   ; -   ; -   ; -   ; -   ; -   ; -   ; -   ; -   ; -   ; -   ; -   ; -   ; -   ; 24 ; 24 ; 21 ; 3 ; 12 ; 15 ; 15 ; -   ;0
79;Cotrimoxazole;Tablet; -   ; -   ; -   ; -   ; -   ; -   ; -   ; -   ; -   ; -   ; -   ; -   ; -   ; -   ; -   ; -   ; -   ; -   ; -   ; -   ; -   ; -   ; -   ; -   ; -   ; -   ; -   ; -   ; -   ; -   ; -   ; -   ; -   ; -   ; -   ; -   ; -   ; -   ; -   ; -   ; -   ; -   ; -   ; -   ; -   ; -   ; -   ; 100 ; 100 ; 30 ; 70 ; -   ; 70 ; 20 ; 50 ;0
80;Vosea;Tablet; -   ; -   ; -   ; -   ; -   ; -   ; -   ; -   ; -   ; -   ; -   ; -   ; -   ; -   ; -   ; -   ; -   ; -   ; -   ; -   ; -   ; -   ; -   ; -   ; -   ; -   ; -   ; -   ; -   ; -   ; -   ; -   ; -   ; -   ; -   ; -   ; -   ; -   ; -   ; -   ; -   ; -   ; -   ; -   ; -   ; -   ; -   ; 200 ; 200 ; 63 ; 137 ; -   ; 137 ; 62 ; 75 ;0
81;Ketoconazole;Tube; -   ; -   ; -   ; -   ; -   ; -   ; -   ; -   ; -   ; -   ; -   ; -   ; -   ; -   ; -   ; -   ; -   ; -   ; -   ; -   ; -   ; -   ; -   ; -   ; -   ; -   ; -   ; -   ; -   ; -   ; -   ; -   ; -   ; -   ; -   ; -   ; -   ; -   ; -   ; -   ; -   ; -   ; -   ; -   ; -   ; -   ; -   ; -   ; -   ; -   ; -   ; 100 ; 100 ; -   ; 100 ;0
82;Lidocaine;Ampul; -   ; -   ; -   ; -   ; -   ; -   ; -   ; -   ; -   ; -   ; -   ; -   ; -   ; -   ; -   ; -   ; -   ; -   ; -   ; -   ; -   ; -   ; -   ; -   ; -   ; -   ; -   ; -   ; -   ; -   ; -   ; -   ; -   ; -   ; -   ; -   ; -   ; -   ; -   ; -   ; -   ; -   ; -   ; -   ; -   ; -   ; -   ; -   ; -   ; -   ; -   ; 3 ; 3 ; 1 ; 2 ;0
83;Yusimox;Tablet; -   ; -   ; -   ; -   ; -   ; -   ; -   ; -   ; -   ; -   ; -   ; -   ; -   ; -   ; -   ; -   ; -   ; -   ; -   ; -   ; -   ; -   ; -   ; -   ; -   ; -   ; -   ; -   ; -   ; -   ; -   ; -   ; -   ; -   ; -   ; -   ; -   ; -   ; -   ; -   ; -   ; -   ; -   ; -   ; -   ; -   ; -   ; -   ; -   ; -   ; -   ; -   ; -   ; -   ; -   ;0
84;Salbutamol Inject;Ampul; -   ; -   ; -   ; -   ; -   ; -   ; -   ; -   ; -   ; -   ; -   ; -   ; -   ; -   ; -   ; -   ; -   ; -   ; -   ; -   ; -   ; -   ; -   ; -   ; -   ; -   ; -   ; -   ; -   ; -   ; -   ; -   ; -   ; -   ; -   ; -   ; -   ; -   ; -   ; -   ; -   ; -   ; -   ; -   ; -   ; -   ; -   ; -   ; -   ; -   ; -   ; -   ; -   ; -   ; -   ;0
85;Novamex;Tablet; -   ; -   ; -   ; -   ; -   ; -   ; -   ; -   ; -   ; -   ; -   ; -   ; -   ; -   ; -   ; -   ; -   ; -   ; -   ; -   ; -   ; -   ; -   ; -   ; -   ; -   ; -   ; -   ; -   ; -   ; -   ; -   ; -   ; -   ; -   ; -   ; -   ; -   ; -   ; -   ; -   ; -   ; -   ; -   ; -   ; -   ; -   ; -   ; -   ; -   ; -   ; -   ; -   ; -   ; -   ;0
86;Paracetamol;Tablet; -   ; -   ; -   ; -   ; -   ; -   ; -   ; -   ; -   ; -   ; -   ; -   ; -   ; -   ; -   ; -   ; -   ; -   ; -   ; -   ; -   ; -   ; -   ; -   ; -   ; -   ; -   ; -   ; -   ; -   ; -   ; -   ; -   ; -   ; -   ; -   ; -   ; -   ; -   ; -   ; -   ; -   ; -   ; -   ; -   ; -   ; -   ; -   ; -   ; -   ; -   ; -   ; -   ; -   ; -   ;0
87;Nilatika;Tablet; -   ; -   ; -   ; -   ; -   ; -   ; -   ; -   ; -   ; -   ; -   ; -   ; -   ; -   ; -   ; -   ; -   ; -   ; -   ; -   ; -   ; -   ; -   ; -   ; -   ; -   ; -   ; -   ; -   ; -   ; -   ; -   ; -   ; -   ; -   ; -   ; -   ; -   ; -   ; -   ; -   ; -   ; -   ; -   ; -   ; -   ; -   ; -   ; -   ; -   ; -   ; -   ; -   ; -   ; -   ;0
88;Grafalin 2 mg;Tablet; -   ; -   ; -   ; -   ; -   ; -   ; -   ; -   ; -   ; -   ; -   ; -   ; -   ; -   ; -   ; -   ; -   ; -   ; -   ; -   ; -   ; -   ; -   ; -   ; -   ; -   ; -   ; -   ; -   ; -   ; -   ; -   ; -   ; -   ; -   ; -   ; -   ; -   ; -   ; -   ; -   ; -   ; -   ; -   ; -   ; -   ; -   ; -   ; -   ; -   ; -   ; -   ; -   ; -   ; -   ;0
89;Grafalin 4 mg;Tablet; -   ; -   ; -   ; -   ; -   ; -   ; -   ; -   ; -   ; -   ; -   ; -   ; -   ; -   ; -   ; -   ; -   ; -   ; -   ; -   ; -   ; -   ; -   ; -   ; -   ; -   ; -   ; -   ; -   ; -   ; -   ; -   ; -   ; -   ; -   ; -   ; -   ; -   ; -   ; -   ; -   ; -   ; -   ; -   ; -   ; -   ; -   ; -   ; -   ; -   ; -   ; -   ; -   ; -   ; -   ;0
90;Neuropyron;Tablet; -   ; -   ; -   ; -   ; -   ; -   ; -   ; -   ; -   ; -   ; -   ; -   ; -   ; -   ; -   ; -   ; -   ; -   ; -   ; -   ; -   ; -   ; -   ; -   ; -   ; -   ; -   ; -   ; -   ; -   ; -   ; -   ; -   ; -   ; -   ; -   ; -   ; -   ; -   ; -   ; -   ; -   ; -   ; -   ; -   ; -   ; -   ; -   ; -   ; -   ; -   ; -   ; -   ; -   ; -   ;0
91;Bioplacenton;Tube; -   ; -   ; -   ; -   ; -   ; -   ; -   ; -   ; -   ; -   ; -   ; -   ; -   ; -   ; -   ; -   ; -   ; -   ; -   ; -   ; -   ; -   ; -   ; -   ; -   ; -   ; -   ; -   ; -   ; -   ; -   ; -   ; -   ; -   ; -   ; -   ; -   ; -   ; -   ; -   ; -   ; -   ; -   ; -   ; -   ; -   ; -   ; -   ; -   ; -   ; -   ; -   ; -   ; -   ; -   ;0
;;; 1.400 ; 692 ; 708 ; 2.270 ; 2.978 ; 2.325 ; 653 ; 4.076 ; 4.729 ; 4.018 ; 711 ; 6.223 ; 6.934 ; 4.531 ; 2.403 ; 4.251 ;;;;;;;;;;;;;;;;;;;;;;;;;;;;;;;;;;;;;;;;
No;Nama Obat;Satuan;08-24 Awal;08-24 Pakai;08-24 Akhir;08-24 Masuk;09-24 Awal;09-24 Pakai;09-24 Akhir;09-24 Masuk;10-24 Awal;10-24 Pakai;10-24 Akhir;10-24 Masuk;11-24 Awal;11-24 Pakai;11-24 Akhir;11-24 Masuk;12-24 Awal;12-24 Pakai;12-24 Akhir;12-24 Masuk;01-25 Awal;01-25 Pakai;01-25 Akhir;01-25 Masuk;02-25 Awal;02-25 Pakai;02-25 Akhir;02-25 Masuk;03-25 Awal;03-25 Pakai;03-25 Akhir;03-25 Masuk;04-25 Awal;04-25 Pakai;04-25 Akhir;04-25 Masuk;05-25 Awal;05-25 Pakai;05-25 Akhir;05-25 Masuk;06-25 Awal;06-25 Pakai;06-25 Akhir;06-25 Masuk;07-25 Awal;07-25 Pakai;07-25 Akhir;07-25 Masuk;08-25 Awal;08-25 Pakai;08-25 Akhir;08-25 Masuk;09-25 Awal;09-25 Pakai;09-25 Akhir;
